"src/Field.cpp:938","warning: 4th function call argument is an uninitialized value [clang-analyzer-core.CallAndMessage]"
"src/Field.cpp:943","warning: 4th function call argument is an uninitialized value [clang-analyzer-core.CallAndMessage]"
"src/Field.cpp:948","warning: 4th function call argument is an uninitialized value [clang-analyzer-core.CallAndMessage]"
"src/Field.cpp:953","warning: 4th function call argument is an uninitialized value [clang-analyzer-core.CallAndMessage]"
"src/Field.cpp:958","warning: 4th function call argument is an uninitialized value [clang-analyzer-core.CallAndMessage]"
"src/Field.cpp:963","warning: 4th function call argument is an uninitialized value [clang-analyzer-core.CallAndMessage]"
"src/Field.cpp:968","warning: 4th function call argument is an uninitialized value [clang-analyzer-core.CallAndMessage]"
"src/Field.cpp:973","warning: 4th function call argument is an uninitialized value [clang-analyzer-core.CallAndMessage]"
"src/Field.cpp:978","warning: 4th function call argument is an uninitialized value [clang-analyzer-core.CallAndMessage]"
"src/Field.cpp:983","warning: 4th function call argument is an uninitialized value [clang-analyzer-core.CallAndMessage]"
"src/Field.cpp:988","warning: 4th function call argument is an uninitialized value [clang-analyzer-core.CallAndMessage]"
"src/Field.cpp:993","warning: 4th function call argument is an uninitialized value [clang-analyzer-core.CallAndMessage]"
